<?xml version="1.0" encoding="UTF-8"?>
<export version="D">
  <design>
    <source>C:/Users/NikitaPC/Desktop/Example/Lab1/Lab1.sch</source>
    <date>11.12.2017 20:02:16</date>
    <tool>Eeschema 4.0.7</tool>
    <sheet number="1" name="/" tstamps="/">
      <title_block>
        <title/>
        <company/>
        <rev/>
        <date/>
        <source>Lab1.sch</source>
        <comment number="1" value=""/>
        <comment number="2" value=""/>
        <comment number="3" value=""/>
        <comment number="4" value=""/>
      </title_block>
    </sheet>
  </design>
  <components>
    <comp ref="R3">
      <value>12k</value>
      <footprint>Resistors_SMD:R_2010</footprint>
      <libsource lib="device" part="R"/>
      <sheetpath names="/" tstamps="/"/>
      <tstamp>5A2BF34E</tstamp>
    </comp>
    <comp ref="C4">
      <value>0,1mk</value>
      <footprint>Capacitors_SMD:C_0805</footprint>
      <libsource lib="device" part="C"/>
      <sheetpath names="/" tstamps="/"/>
      <tstamp>5A2C08DA</tstamp>
    </comp>
    <comp ref="C2">
      <value>0,1mk</value>
      <footprint>Capacitors_SMD:C_0805</footprint>
      <libsource lib="device" part="C"/>
      <sheetpath names="/" tstamps="/"/>
      <tstamp>5A2C0A24</tstamp>
    </comp>
    <comp ref="C3">
      <value>0,1mk</value>
      <footprint>Capacitors_SMD:C_0805</footprint>
      <libsource lib="device" part="C"/>
      <sheetpath names="/" tstamps="/"/>
      <tstamp>5A2C0A4A</tstamp>
    </comp>
    <comp ref="SA1">
      <value>SW_DPST_x2</value>
      <footprint>Buttons_Switches_SMD:SW_SPST_B3S-1000</footprint>
      <libsource lib="switches" part="SW_DPST_x2"/>
      <sheetpath names="/" tstamps="/"/>
      <tstamp>5A2C0C1F</tstamp>
    </comp>
    <comp ref="K561CA11">
      <value>K561CA1</value>
      <footprint>Housings_DIP:DIP-16_W7.62mm</footprint>
      <libsource lib="k561ca1" part="K561CA1"/>
      <sheetpath names="/" tstamps="/"/>
      <tstamp>5A2C157C</tstamp>
    </comp>
    <comp ref="R1">
      <value>20k</value>
      <footprint>Resistors_SMD:R_2010</footprint>
      <libsource lib="device" part="R"/>
      <sheetpath names="/" tstamps="/"/>
      <tstamp>5A2C1646</tstamp>
    </comp>
    <comp ref="R2">
      <value>20k</value>
      <footprint>Resistors_SMD:R_2010</footprint>
      <libsource lib="device" part="R"/>
      <sheetpath names="/" tstamps="/"/>
      <tstamp>5A2C17BC</tstamp>
    </comp>
    <comp ref="R4">
      <value>12k</value>
      <footprint>Resistors_SMD:R_2010</footprint>
      <libsource lib="device" part="R"/>
      <sheetpath names="/" tstamps="/"/>
      <tstamp>5A2C195E</tstamp>
    </comp>
    <comp ref="C1">
      <value>0,1mk</value>
      <footprint>Capacitors_SMD:C_1206</footprint>
      <libsource lib="device" part="C"/>
      <sheetpath names="/" tstamps="/"/>
      <tstamp>5A2C201D</tstamp>
    </comp>
    <comp ref="C5">
      <value>0,1mk</value>
      <footprint>Capacitors_SMD:C_0805</footprint>
      <libsource lib="device" part="C"/>
      <sheetpath names="/" tstamps="/"/>
      <tstamp>5A2C23F2</tstamp>
    </comp>
    <comp ref="SA13">
      <value>SW_DPST_x2</value>
      <footprint>Buttons_Switches_SMD:SW_SPST_B3S-1000</footprint>
      <libsource lib="switches" part="SW_DPST_x2"/>
      <sheetpath names="/" tstamps="/"/>
      <tstamp>5A2C2479</tstamp>
    </comp>
    <comp ref="C6">
      <value>0,1mk</value>
      <footprint>Capacitors_SMD:C_0805</footprint>
      <libsource lib="device" part="C"/>
      <sheetpath names="/" tstamps="/"/>
      <tstamp>5A2C29E6</tstamp>
    </comp>
    <comp ref="R5">
      <value>220k</value>
      <footprint>Resistors_SMD:R_2010</footprint>
      <libsource lib="device" part="R"/>
      <sheetpath names="/" tstamps="/"/>
      <tstamp>5A2C2CFE</tstamp>
    </comp>
    <comp ref="C7">
      <value>0,47mk</value>
      <footprint>Capacitors_SMD:C_1206</footprint>
      <libsource lib="device" part="C"/>
      <sheetpath names="/" tstamps="/"/>
      <tstamp>5A2C2D5A</tstamp>
    </comp>
    <comp ref="BF1">
      <value>HPA24AX</value>
      <footprint>Microwave:CC08CM</footprint>
      <libsource lib="device" part="Speaker"/>
      <sheetpath names="/" tstamps="/"/>
      <tstamp>5A2C3AEB</tstamp>
    </comp>
    <comp ref="D3">
      <value>К561ЛП2_4</value>
      <footprint>Housings_DIP:DIP-14_W7.62mm</footprint>
      <libsource lib="к561лп2_4" part="К561ЛП2_4"/>
      <sheetpath names="/" tstamps="/"/>
      <tstamp>5A2C39A2</tstamp>
    </comp>
    <comp ref="D4">
      <value>К561ЛП2_2</value>
      <footprint>Housings_DIP:DIP-14_W7.62mm</footprint>
      <libsource lib="к561лп2_2" part="К561ЛП2_2"/>
      <sheetpath names="/" tstamps="/"/>
      <tstamp>5A2C36C6</tstamp>
    </comp>
    <comp ref="D1">
      <value>К561ЛП2</value>
      <footprint>Housings_DIP:DIP-14_W7.62mm</footprint>
      <libsource lib="к561лп2_1" part="К561ЛП2"/>
      <sheetpath names="/" tstamps="/"/>
      <tstamp>5A2C30DD</tstamp>
    </comp>
    <comp ref="D2">
      <value>К561ЛП2_3</value>
      <footprint>Housings_DIP:DIP-14_W7.62mm</footprint>
      <libsource lib="к561лп2_3" part="К561ЛП2_3"/>
      <sheetpath names="/" tstamps="/"/>
      <tstamp>5A2C37FD</tstamp>
    </comp>
  </components>
  <libparts>
    <libpart lib="device" part="C">
      <description>Unpolarized capacitor</description>
      <footprints>
        <fp>C_*</fp>
      </footprints>
      <fields>
        <field name="Reference">C</field>
        <field name="Value">C</field>
      </fields>
      <pins>
        <pin num="1" name="~" type="passive"/>
        <pin num="2" name="~" type="passive"/>
      </pins>
    </libpart>
    <libpart lib="k561ca1" part="K561CA1">
      <fields>
        <field name="Reference">K561CA1</field>
        <field name="Value">K561CA1</field>
      </fields>
      <pins>
        <pin num="1" name="~" type="input"/>
        <pin num="2" name="~" type="input"/>
        <pin num="3" name="~" type="input"/>
        <pin num="4" name="~" type="input"/>
        <pin num="5" name="~" type="input"/>
        <pin num="6" name="~" type="input"/>
        <pin num="7" name="~" type="input"/>
        <pin num="8" name="~" type="input"/>
        <pin num="9" name="~" type="input"/>
        <pin num="10" name="~" type="input"/>
        <pin num="11" name="~" type="input"/>
        <pin num="12" name="~" type="input"/>
        <pin num="13" name="~" type="input"/>
        <pin num="14" name="~" type="input"/>
        <pin num="15" name="~" type="input"/>
      </pins>
    </libpart>
    <libpart lib="device" part="R">
      <description>Resistor</description>
      <footprints>
        <fp>R_*</fp>
        <fp>R_*</fp>
      </footprints>
      <fields>
        <field name="Reference">R</field>
        <field name="Value">R</field>
      </fields>
      <pins>
        <pin num="1" name="~" type="passive"/>
        <pin num="2" name="~" type="passive"/>
      </pins>
    </libpart>
    <libpart lib="switches" part="SW_DPST_x2">
      <description>Single Pole Single Throw (SPST) switch, separate symbol</description>
      <fields>
        <field name="Reference">SW</field>
        <field name="Value">SW_DPST_x2</field>
      </fields>
      <pins>
        <pin num="1" name="A" type="passive"/>
        <pin num="2" name="B" type="passive"/>
        <pin num="3" name="A" type="input"/>
        <pin num="4" name="B" type="input"/>
      </pins>
    </libpart>
    <libpart lib="device" part="Speaker">
      <description>speaker </description>
      <fields>
        <field name="Reference">LS</field>
        <field name="Value">Speaker</field>
      </fields>
      <pins>
        <pin num="1" name="1" type="input"/>
        <pin num="2" name="2" type="input"/>
      </pins>
    </libpart>
    <libpart lib="к561лп2_1" part="К561ЛП2">
      <fields>
        <field name="Reference">D</field>
        <field name="Value">К561ЛП2</field>
      </fields>
      <pins>
        <pin num="11" name="~" type="input"/>
        <pin num="12" name="~" type="input"/>
        <pin num="13" name="~" type="input"/>
      </pins>
    </libpart>
    <libpart lib="к561лп2_2" part="К561ЛП2_2">
      <fields>
        <field name="Reference">D</field>
        <field name="Value">К561ЛП2_2</field>
      </fields>
      <pins>
        <pin num="1" name="~" type="input"/>
        <pin num="2" name="~" type="input"/>
        <pin num="3" name="~" type="input"/>
      </pins>
    </libpart>
    <libpart lib="к561лп2_3" part="К561ЛП2_3">
      <fields>
        <field name="Reference">D</field>
        <field name="Value">К561ЛП2_3</field>
      </fields>
      <pins>
        <pin num="4" name="~" type="input"/>
        <pin num="5" name="~" type="input"/>
        <pin num="6" name="~" type="input"/>
      </pins>
    </libpart>
    <libpart lib="к561лп2_4" part="К561ЛП2_4">
      <fields>
        <field name="Reference">D</field>
        <field name="Value">К561ЛП2_4</field>
      </fields>
      <pins>
        <pin num="8" name="~" type="input"/>
        <pin num="9" name="~" type="input"/>
        <pin num="10" name="~" type="input"/>
      </pins>
    </libpart>
  </libparts>
  <libraries>
    <library logical="device">
      <uri>D:\Study\KiCad\share\kicad\library\device.lib</uri>
    </library>
    <library logical="switches">
      <uri>D:\Study\KiCad\share\kicad\library\switches.lib</uri>
    </library>
    <library logical="к561лп2_1">
      <uri>C:\Users\NikitaPC\Desktop\Lab_Kicad\к561лп2_1.lib</uri>
    </library>
    <library logical="к561лп2_2">
      <uri>C:\Users\NikitaPC\Desktop\Lab_Kicad\к561лп2_2.lib</uri>
    </library>
    <library logical="k561ca1">
      <uri>C:\Users\NikitaPC\Desktop\Lab_Kicad\k561ca1.lib</uri>
    </library>
    <library logical="к561лп2_3">
      <uri>C:\Users\NikitaPC\Desktop\Lab_Kicad\к561лп2_3.lib</uri>
    </library>
    <library logical="к561лп2_4">
      <uri>C:\Users\NikitaPC\Desktop\Lab_Kicad\к561лп2_4.lib</uri>
    </library>
  </libraries>
  <nets>
    <net code="1" name="Net-(C4-Pad1)">
      <node ref="R3" pin="1"/>
      <node ref="K561CA11" pin="1"/>
      <node ref="C4" pin="1"/>
    </net>
    <net code="2" name="+12V">
      <node ref="R1" pin="2"/>
      <node ref="R2" pin="1"/>
      <node ref="C6" pin="1"/>
    </net>
    <net code="3" name="Net-(C1-Pad1)">
      <node ref="SA13" pin="2"/>
      <node ref="C1" pin="1"/>
      <node ref="R4" pin="2"/>
      <node ref="R2" pin="2"/>
    </net>
    <net code="4" name="GND">
      <node ref="C6" pin="2"/>
      <node ref="C7" pin="2"/>
      <node ref="BF1" pin="2"/>
      <node ref="C1" pin="2"/>
      <node ref="C5" pin="2"/>
      <node ref="SA13" pin="1"/>
      <node ref="D2" pin="5"/>
      <node ref="C4" pin="2"/>
      <node ref="C2" pin="1"/>
      <node ref="C3" pin="1"/>
      <node ref="SA1" pin="1"/>
      <node ref="D4" pin="2"/>
      <node ref="D3" pin="8"/>
    </net>
    <net code="5" name="Net-(C7-Pad1)">
      <node ref="D1" pin="13"/>
      <node ref="R5" pin="2"/>
      <node ref="C7" pin="1"/>
    </net>
    <net code="6" name="Net-(D1-Pad11)">
      <node ref="D3" pin="9"/>
      <node ref="D2" pin="6"/>
      <node ref="D1" pin="11"/>
      <node ref="D4" pin="1"/>
    </net>
    <net code="7" name="Net-(BF1-Pad1)">
      <node ref="D3" pin="10"/>
      <node ref="D2" pin="4"/>
      <node ref="D4" pin="3"/>
      <node ref="BF1" pin="1"/>
    </net>
    <net code="8" name="Net-(D1-Pad12)">
      <node ref="D1" pin="12"/>
      <node ref="R5" pin="1"/>
    </net>
    <net code="9" name="Net-(C5-Pad1)">
      <node ref="R4" pin="1"/>
      <node ref="C5" pin="1"/>
      <node ref="K561CA11" pin="15"/>
    </net>
    <net code="10" name="Net-(K561CA11-Pad10)">
      <node ref="K561CA11" pin="10"/>
    </net>
    <net code="11" name="Net-(K561CA11-Pad11)">
      <node ref="K561CA11" pin="11"/>
    </net>
    <net code="12" name="Net-(K561CA11-Pad12)">
      <node ref="K561CA11" pin="12"/>
    </net>
    <net code="13" name="Net-(K561CA11-Pad13)">
      <node ref="K561CA11" pin="13"/>
    </net>
    <net code="14" name="Net-(K561CA11-Pad14)">
      <node ref="K561CA11" pin="14"/>
    </net>
    <net code="15" name="Net-(C2-Pad2)">
      <node ref="R1" pin="1"/>
      <node ref="R3" pin="2"/>
      <node ref="C2" pin="2"/>
      <node ref="C3" pin="2"/>
      <node ref="SA1" pin="2"/>
    </net>
    <net code="16" name="Net-(K561CA11-Pad2)">
      <node ref="K561CA11" pin="2"/>
    </net>
    <net code="17" name="Net-(K561CA11-Pad3)">
      <node ref="K561CA11" pin="3"/>
    </net>
    <net code="18" name="Net-(K561CA11-Pad4)">
      <node ref="K561CA11" pin="4"/>
    </net>
    <net code="19" name="Net-(K561CA11-Pad5)">
      <node ref="K561CA11" pin="5"/>
    </net>
    <net code="20" name="Net-(K561CA11-Pad6)">
      <node ref="K561CA11" pin="6"/>
    </net>
    <net code="21" name="Net-(K561CA11-Pad7)">
      <node ref="K561CA11" pin="7"/>
    </net>
    <net code="22" name="Net-(K561CA11-Pad8)">
      <node ref="K561CA11" pin="8"/>
    </net>
    <net code="23" name="Net-(K561CA11-Pad9)">
      <node ref="K561CA11" pin="9"/>
    </net>
  </nets>
</export>
